{
  "summary": {
    "grid_size": 500,
    "domain_half_width": 1.0,
    "domain_radius": 1.4142135623730951,
    "radial_bins": 300,
    "oscillation_scale": 10.0,
    "peak_height_fraction": 0.1,
    "damping": 2.0,
    "profile_mode": "oscillatory_abs",
    "j11": 3.83170597,
    "j_half": 3.141592653589793,
    "delta": 0.18010602113350746,
    "detected_peaks": 2,
    "mean_absolute_error": 0.0015608740215339867,
    "max_absolute_error": 0.0018288845552550947,
    "mean_relative_error": 0.0019224552662721038
  },
  "comparisons": [
    {
      "n": 1,
      "predicted_radius": 0.6437903504411578,
      "observed_radius": 0.6456192349964129,
      "absolute_error": 0.0018288845552550947,
      "relative_error": 0.0028408076542337894
    },
    {
      "n": 2,
      "predicted_radius": 1.2875807008823157,
      "observed_radius": 1.2888735643701286,
      "absolute_error": 0.0012928634878128786,
      "relative_error": 0.001004102878310418
    }
  ]
}