name,role,H0,Omega_m,Omega_K,w0,wa,omega_b_h2,z_star,R,l_A,omega_b_h2_vector,delta_R,delta_l_A,delta_omega_b_h2,chi2,dof,status
planck_lambda_cdm_flat,Locked flat LambdaCDM reference from the CPL scaffold.,67.4,0.315,0.0,-1.0,0.0,0.02235976,1091.9300319105655,1.7494952432107556,302.2629213146494,0.02235976,-0.0007397567892444279,0.7922213146493959,0.0,102.96519216814607,3,computed
closed_breathing_lambda_cdm,Closed-enclosure LambdaCDM carrier with small negative curvature.,67.4,0.315,-0.001,-1.0,0.0,0.02235976,1091.9300319105655,1.7470852010873719,301.8464184389003,0.02235976,-0.003149798912628121,0.3757184389002646,0.0,26.94545388298913,3,computed
observed_summary_best_fit,Best-fit summary point from the observed-summary residual certificate.,69.15456889642843,0.315,0.001,-0.838,-0.6295493277788298,0.02235976,1092.5716918077408,1.7525999695110823,299.0394813663873,0.02235976,0.0023649695110823377,-2.4312186336127297,0.0,970.3862241501002,3,computed
shoes_h0_lambda_cdm_flat,Local-distance-ladder H0 point with flat LambdaCDM background.,73.04,0.315,0.0,-1.0,0.0,0.02235976,1093.9981557074514,1.7507457884047812,291.12747636912275,0.02235976,0.0005107884047812483,-10.343223630877276,0.0,17285.0729982045,3,computed
