dataset,shape,min,max,mean,std,max_abs
field/Delta_alpha,400x400,-2.9201865275817758,9.257327654294413,3.7433806807634435,2.2801198010937336,9.257327654294413
field/Lz,400x400,0.9999998333326641,0.9999998333338168,0.9999998333334305,2.317575256303825e-13,0.9999998333338168
field/psi_real,400x400,-0.9999999999298849,0.9999999999298849,-4.5474735088646414e-17,0.7071067811865476,0.9999999999298849
field/psi_imag,400x400,-0.9999999999298849,0.9999999999298849,-1.1368683772161604e-17,0.7071067811865476,0.9999999999298849
vector/grad_x,400x400,-205.0683500237744,205.068350023772,1.8189894035458566e-16,4.126946189076651,205.0683500237744
vector/grad_y,400x400,-73.94114516856834,625.7599790257286,1.5668693359779098,31.26537917517209,625.7599790257286
vector/curl_z,400x400,-1.7713830402499298e-11,1.523847714679505e-11,1.939082575064255e-17,3.081535060467766e-13,1.7713830402499298e-11
grid/R,400x400,0.003544394893165573,1.4142135623730951,0.7671116615165193,0.2855661972017094,1.4142135623730951
