n,predicted_radius,observed_radius,absolute_error,relative_error
1,0.6437903504411578,0.6456192349964129,0.0018288845552550947,0.0028408076542337894
2,1.2875807008823157,1.2888735643701286,0.0012928634878128786,0.001004102878310418
