{
  "data_points": 15,
  "bao_points": 13,
  "cmb_points": 1,
  "sne_priors": 1,
  "models": {
    "A_flatLCDM": [
      16.129383220191784,
      2,
      [
        68.80851967788277,
        0.29753534670141646,
        0.0,
        -1.0,
        0.0
      ]
    ],
    "B_closedLCDM": [
      14.443405328141912,
      3,
      [
        68.52794566752655,
        0.3053559486225793,
        0.003977085454084673,
        -1.0,
        0.0
      ]
    ],
    "C_flat_w0waCDM": [
      7.508485054465356,
      4,
      [
        65.50278866619934,
        0.34277279736185107,
        0.0,
        -0.607406310442901,
        -1.3614031034393688
      ]
    ],
    "D_closed_breathe": [
      7.054103221866934,
      5,
      [
        64.96879727673607,
        0.34359851194882607,
        -0.0045584041204084005,
        -0.5596829667448281,
        -1.3744317953313518
      ]
    ]
  },
  "hubble_breathing": {
    "planck_like_h0_km_s_mpc": 67.4,
    "planck_like_h0_per_gyr": 0.06893079992407984,
    "planck_like_volume_rate_per_gyr": 0.2067923997722395,
    "local_distance_network_like_h0_km_s_mpc": 73.5,
    "local_distance_network_like_h0_per_gyr": 0.07516934413085857,
    "local_distance_network_like_volume_rate_per_gyr": 0.22550803239257572,
    "best_closed_breathing_h0_per_gyr": 0.0664443793233056,
    "best_closed_breathing_volume_rate_per_gyr": 0.1993331379699168,
    "best_closed_breathing_curvature_radius_gly": 222.91297029572436,
    "reference_curvature_radius_gly": {
      "abs_OK_0.0018_H0_67.4": 341.94041073513966,
      "abs_OK_0.002_H0_67.4": 324.3931565929596,
      "abs_OK_0.004_H0_67.4": 229.38060079739137
    }
  },
  "sound_horizon": {
    "zstar": 1089.8,
    "zdrag": 1059.94,
    "rs_zstar_mpc": 144.4851947234226,
    "rs_drag_mpc": 147.12834130329242,
    "planck_rs_zstar_mpc": 144.39,
    "bao_rd_mpc": 147.09,
    "neff": 3.046,
    "omega_gamma": 5.4e-05,
    "omega_radiation_neutrino_corrected": 9.13543164e-05
  }
}