{
  "summary": {
    "grid_size": 500,
    "domain_half_width": 1.0,
    "domain_radius": 1.4142135623730951,
    "radial_bins": 300,
    "oscillation_scale": 10.0,
    "peak_height_fraction": 0.1,
    "damping": 2.0,
    "profile_mode": "raw_abs",
    "field_source": "external",
    "j11": 3.83170597,
    "j_half": 3.141592653589793,
    "delta": 0.18010602113350746,
    "detected_peaks": 75,
    "predicted_shells_in_domain": 2,
    "mean_absolute_error": 0.00392577964423152,
    "max_absolute_error": 0.0065586958006501606,
    "mean_relative_error": 0.005595864818119191,
    "field_file": "delta_alpha_phase3.h5",
    "hdf5_dataset": "field/psi_real",
    "slice_index": 0
  },
  "comparisons": [
    {
      "n": 1,
      "predicted_radius": 0.6437903504411578,
      "observed_radius": 0.650349046241808,
      "absolute_error": 0.0065586958006501606,
      "relative_error": 0.010187626757927963
    },
    {
      "n": 2,
      "predicted_radius": 1.2875807008823157,
      "observed_radius": 1.2888735643701286,
      "absolute_error": 0.0012928634878128786,
      "relative_error": 0.001004102878310418
    }
  ]
}