n,predicted_radius,observed_radius,absolute_error,relative_error
1,0.6437903504411578,0.650349046241808,0.0065586958006501606,0.010187626757927963
2,1.2875807008823157,1.2888735643701286,0.0012928634878128786,0.001004102878310418
