dataset,best_slice,detected_peaks,predicted_shells_in_domain,mean_absolute_error,mean_relative_error,max_absolute_error
field/psi_real,0,75,2,0.00392577964423152,0.005595864818119191,0.0065586958006501606
field/psi_imag,0,75,2,0.00392577964423152,0.005595864818119191,0.0065586958006501606
spectrum/angular_power,0,1,2,0.958227,0.99,1.287581
